,Objetivo,1000 Dimensiones,2000 Dimensiones
1,thevoice,9.82481060606,7.36268939394
2,general,27.0197012678,26.9981271861
3,rio2016,10.3448275862,10.2087114338
