,Objetivo,1000 Dimensiones,2000 Dimensiones
0,thevoice,19.0459280303,7.36268939394
1,general,30.4079796561,26.9981271861
2,rio2016,7.37295825771,10.2087114338
