,Dominio 1,Dimensiones,Dominio 2,PAD
0,general,1000,thevoice,1.37758298169
1,general,2000,thevoice,1.60388480445
2,rio2016,1000,thevoice,1.58857733557
3,rio2016,2000,thevoice,1.5818581212
4,thevoice,1000,general,1.37758298169
5,thevoice,2000,rio2016,1.5818581212
