,Dominio 1,Dimensiones,Dominio 2,PAD
0,general,1000,thevoice,1.37758298169
1,general,2000,thevoice,1.60388480445
2,rio2016,1000,general,1.56389497948
3,rio2016,2000,general,1.71254286839
4,thevoice,1000,general,1.37758298169
5,thevoice,2000,general,1.60388480445
