,Adaptacion,Tarea,Fuente,Objetivo,Baseline error,Transfer error,Transfer loss
0,PCA,r->t,rio2016,thevoice,19.0459280303,25.2604166667,6.21448863636
1,PCA,r->g,rio2016,general,30.4079796561,44.2844749236,13.8764952675
2,PCA,t->r,thevoice,rio2016,7.37295825771,16.0843920145,8.71143375681
3,PCA,t->g,thevoice,general,30.4079796561,41.5711898795,11.1632102234
4,PCA,g->r,general,rio2016,7.37295825771,17.1279491833,9.75499092559
5,PCA,g->t,general,thevoice,19.0459280303,21.9696969697,2.92376893939
