,Adaptacion,Tarea,Fuente,Objetivo,Baseline error,Transfer error,Transfer loss
1,PCA,r->t,rio2016,thevoice,7.36268939394,21.875,14.5123106061
2,PCA,r->g,rio2016,general,26.9981271861,43.6230227584,16.6248955723
3,PCA,t->r,thevoice,rio2016,10.2087114338,13.4754990926,3.2667876588
4,PCA,t->g,thevoice,general,26.9981271861,40.0339218008,13.0357946147
5,PCA,g->r,general,rio2016,10.2087114338,27.4954627949,17.2867513612
6,PCA,g->t,general,thevoice,7.36268939394,19.7679924242,12.4053030303
