,Adaptacion,Tarea,Fuente,Objetivo,Baseline error,Transfer error,Transfer loss
1,PCA,r->t,rio2016,thevoice,9.82481060606,20.9753787879,11.1505681818
2,PCA,r->g,rio2016,general,27.0197012678,44.4189686671,17.3992673993
3,PCA,t->r,thevoice,rio2016,10.3448275862,14.0653357532,3.72050816697
4,PCA,t->g,thevoice,general,27.0197012678,43.762565755,16.7428644872
5,PCA,g->r,general,rio2016,10.3448275862,18.6479128857,8.30308529946
6,PCA,g->t,general,thevoice,9.82481060606,21.6382575758,11.8134469697
