,Adaptacion,Tarea,Fuente,Objetivo,Baseline error,Transfer error,Transfer loss
1,PCA,r->t,rio2016,thevoice,9.82481060606,21.6145833333,11.7897727273
2,PCA,r->g,rio2016,general,27.0197012678,44.9803538149,17.9606525471
3,PCA,t->r,thevoice,rio2016,10.3448275862,13.7477313975,3.40290381125
4,PCA,t->g,thevoice,general,27.0197012678,42.064639621,15.0449383532
5,PCA,g->r,general,rio2016,10.3448275862,19.0108892922,8.66606170599
6,PCA,g->t,general,thevoice,9.82481060606,22.5378787879,12.7130681818
