,Adaptacion,Tarea,Fuente,Objetivo,Baseline error,Transfer error,Transfer loss
1,PCA,r->t,rio2016,thevoice,7.36268939394,20.8806818182,13.5179924242
2,PCA,r->g,rio2016,general,26.9981271861,43.4843978077,16.4862706216
3,PCA,t->r,thevoice,rio2016,10.2087114338,13.7477313975,3.5390199637
4,PCA,t->g,thevoice,general,26.9981271861,40.5232403353,13.5251131492
5,PCA,g->r,general,rio2016,10.2087114338,19.8275862069,9.61887477314
6,PCA,g->t,general,thevoice,7.36268939394,18.7026515152,11.3399621212
