,Adaptacion,Tarea,Fuente,Objetivo,Baseline error,Transfer error,Transfer loss
1,GFK,t->g,thevoice,general,34.5824411135,43.834508263,9.25206714954
2,GFK,t->r,thevoice,rio2016,18.75,18.058076225,-0.691923774955
3,GFK,g->t,general,thevoice,16.9230769231,29.0887573964,12.1656804734
4,GFK,g->r,general,rio2016,18.75,25.8620689655,7.11206896552
5,GFK,r->t,rio2016,thevoice,16.9230769231,20.6627218935,3.73964497041
6,GFK,r->g,rio2016,general,34.5824411135,45.354905813,10.7724646995
