,Adaptacion,Tarea,Fuente,Objetivo,Baseline error,Transfer error,Transfer loss
1,GFK,r->t,rio2016,thevoice,9.82481060606,24.2424242424,14.4176136364
2,GFK,r->g,rio2016,general,27.0197012678,43.2190825048,16.199381237
3,GFK,t->r,thevoice,rio2016,10.3448275862,27.2686025408,16.9237749546
4,GFK,t->g,thevoice,general,27.0197012678,41.6051575826,14.5854563148
5,GFK,g->r,general,rio2016,10.3448275862,23.5934664247,13.2486388385
6,GFK,g->t,general,thevoice,9.82481060606,27.7225378788,17.8977272727
