,Adaptacion,Tarea,Fuente,Objetivo,Baseline error,Transfer error,Transfer loss
0,GFK,r->t,rio2016,thevoice,19.0459280303,23.8399621212,4.79403409091
1,GFK,r->g,rio2016,general,30.4079796561,43.374691307,12.9667116509
2,GFK,t->r,thevoice,rio2016,7.37295825771,21.2114337568,13.8384754991
3,GFK,t->g,thevoice,general,30.4079796561,44.2252609546,13.8172812985
4,GFK,g->r,general,rio2016,7.37295825771,21.4382940109,14.0653357532
5,GFK,g->t,general,thevoice,19.0459280303,26.1363636364,7.09043560606
