,Adaptacion,Tarea,Fuente,Objetivo,Baseline error,Transfer error,Transfer loss
1,GFK,r->t,rio2016,thevoice,7.36268939394,25.0946969697,17.7320075758
2,GFK,r->g,rio2016,general,26.9981271861,44.2922783148,17.2941511287
3,GFK,t->r,thevoice,rio2016,10.2087114338,24.1379310345,13.9292196007
4,GFK,t->g,thevoice,general,26.9981271861,41.4899428057,14.4918156196
5,GFK,g->r,general,rio2016,10.2087114338,24.1379310345,13.9292196007
6,GFK,g->t,general,thevoice,7.36268939394,28.7168560606,21.3541666667
