,Adaptacion,Tarea,Fuente,Objetivo,Baseline error,Transfer error,Transfer loss
1,GFK,r->t,rio2016,thevoice,7.36268939394,24.053030303,16.6903409091
2,GFK,r->g,rio2016,general,26.9981271861,43.9755524342,16.9774252481
3,GFK,t->r,thevoice,rio2016,10.2087114338,26.2704174229,16.0617059891
4,GFK,t->g,thevoice,general,26.9981271861,38.7468212656,11.7486940795
5,GFK,g->r,general,rio2016,10.2087114338,23.3212341198,13.112522686
6,GFK,g->t,general,thevoice,7.36268939394,26.0890151515,18.7263257576
