,Adaptacion,Tarea,Fuente,Objetivo,Baseline error,Transfer error,Transfer loss
1,GFK,r->t,rio2016,thevoice,9.82481060606,25.1183712121,15.2935606061
2,GFK,r->g,rio2016,general,27.0197012678,43.3365923967,16.3168911289
3,GFK,t->r,thevoice,rio2016,10.3448275862,29.7640653358,19.4192377495
4,GFK,t->g,thevoice,general,27.0197012678,40.6921608049,13.6724595371
5,GFK,g->r,general,rio2016,10.3448275862,21.1433756806,10.7985480944
6,GFK,g->t,general,thevoice,9.82481060606,24.4318181818,14.6070075758
