,Objetivo,1000 Dimensiones,3000 Dimensiones
1,dvd,19.125478137,15.7628940724
2,kitchen,11.8102952574,8.58771469287
3,books,20.4205105128,15.157878947
4,electronics,15.7803945099,11.1277781945
