,Adaptacion,Tarea,Fuente,Objetivo,Baseline error,Transfer error,Transfer loss
1,mSDA,r->t,rio2016,thevoice,9.82481060606,18.9630681818,9.13825757576
2,mSDA,r->g,rio2016,general,27.0197012678,43.6817777043,16.6620764365
3,mSDA,t->r,thevoice,rio2016,10.3448275862,11.6152450091,1.27041742287
4,mSDA,t->g,thevoice,general,27.0197012678,40.8335398937,13.8138386259
5,mSDA,g->r,general,rio2016,10.3448275862,16.4246823956,6.07985480944
6,mSDA,g->t,general,thevoice,9.82481060606,17.1638257576,7.33901515152
