,Adaptacion,Tarea,Fuente,Objetivo,Baseline error,Transfer error,Transfer loss
1,mSDA,r->t,rio2016,thevoice,7.36268939394,21.2831439394,13.9204545455
2,mSDA,r->g,rio2016,general,26.9981271861,44.7237599493,17.7256327632
3,mSDA,t->r,thevoice,rio2016,10.2087114338,11.7513611615,1.54264972777
4,mSDA,t->g,thevoice,general,26.9981271861,40.3869104997,13.3887833136
5,mSDA,g->r,general,rio2016,10.2087114338,19.9183303085,9.70961887477
6,mSDA,g->t,general,thevoice,7.36268939394,15.1751893939,7.8125
