,Adaptacion,Tarea,Fuente,Objetivo,Baseline error,Transfer error,Transfer loss
0,mSDA,r->t,rio2016,thevoice,19.0459280303,23.1297348485,4.08380681818
1,mSDA,r->g,rio2016,general,30.4079796561,43.4508891276,13.0429094715
2,mSDA,t->r,thevoice,rio2016,7.37295825771,13.2713248639,5.89836660617
3,mSDA,t->g,thevoice,general,30.4079796561,41.32010429,10.9121246339
4,mSDA,g->r,general,rio2016,7.37295825771,13.3620689655,5.9891107078
5,mSDA,g->t,general,thevoice,19.0459280303,21.4962121212,2.45028409091
