,Adaptacion,Tarea,Fuente,Objetivo,Baseline error,Transfer error,Transfer loss
1,mSDA,r->t,rio2016,thevoice,9.82481060606,25.946969697,16.1221590909
2,mSDA,r->g,rio2016,general,27.0197012678,44.1513582491,17.1316569813
3,mSDA,t->r,thevoice,rio2016,10.3448275862,12.9310344828,2.58620689655
4,mSDA,t->g,thevoice,general,27.0197012678,41.2218733647,14.2021720969
5,mSDA,g->r,general,rio2016,10.3448275862,15.1996370236,4.85480943739
6,mSDA,g->t,general,thevoice,9.82481060606,17.9214015152,8.09659090909
