,Adaptacion,Tiempo
0,GFK (n_dims=10),0.106288743019
1,GFK (n_dims=100),0.118440917333
2,GFK (n_dims=50),0.109967473348
