,Adaptacion,Tiempo
0,GFK (n_dims=10),0.655806540648
1,GFK (n_dims=20),0.660451627572
2,GFK (n_dims=50),0.664511706829
