,Adaptacion,Tiempo
0,mSDA (l=1),2.13957372665
1,mSDA (l=3),6.41248573065
2,mSDA (l=5),10.8540832488
