,Adaptacion,Tiempo
0,PCA (n=1500),0.0841749604543
1,PCA (n=750),0.0332989732424
