,Adaptacion,Tiempo
0,mSDA (l=1),2.36889229457
1,mSDA (l=3),7.10712048292
2,mSDA (l=5),11.8634225488
