,Adaptacion,Tiempo
0,mSDA (l=1),0.00459501266479
1,mSDA (l=3),0.0107860851288
2,mSDA (l=5),0.0182470663389
