,Adaptacion,Tiempo
0,PCA (n=1500),0.751652984619
1,PCA (n=750),0.360804959933
