,Adaptacion,Tiempo
0,PCA (n=150),0.000637543201447
1,PCA (n=75),0.00060612599055
