,Adaptacion,Tarea,Fuente,Objetivo,Baseline error,Transfer error,Transfer loss
0,SDA,r->t,rio2016,thevoice,7.36268939394,20.0757575758,12.7130681818
1,SDA,r->g,rio2016,general,26.9981271861,42.4176283199,15.4195011338
2,SDA,t->r,thevoice,rio2016,10.2087114338,13.7023593466,3.49364791289
3,SDA,t->g,thevoice,general,26.9981271861,39.6354898235,12.6373626374
4,SDA,g->r,general,rio2016,10.2087114338,26.7695099819,16.5607985481
5,SDA,g->t,general,thevoice,7.36268939394,28.290719697,20.928030303
