,Adaptacion,Tarea,Fuente,Objetivo,Baseline error,Transfer error,Transfer loss
1,SDA,r->t,rio2016,thevoice,9.82481060606,24.2897727273,14.4649621212
2,SDA,r->g,rio2016,general,27.0197012678,43.7290570749,16.7093558071
3,SDA,t->r,thevoice,rio2016,10.3448275862,18.2849364791,7.94010889292
4,SDA,t->g,thevoice,general,27.0197012678,39.6538507441,12.6341494763
5,SDA,g->r,general,rio2016,10.3448275862,27.4954627949,17.1506352087
6,SDA,g->t,general,thevoice,9.82481060606,33.8068181818,23.9820075758
