,Adaptacion,Tarea,Fuente,Objetivo,Baseline error,Transfer error,Transfer loss
1,SDA,r->t,rio2016,thevoice,9.82481060606,25.2840909091,15.459280303
2,SDA,r->g,rio2016,general,27.0197012678,42.4470057929,15.427304525
3,SDA,t->r,thevoice,rio2016,10.3448275862,16.6515426497,6.30671506352
4,SDA,t->g,thevoice,general,27.0197012678,40.0522827215,13.0325814536
5,SDA,g->r,general,rio2016,10.3448275862,34.4827586207,24.1379310345
6,SDA,g->t,general,thevoice,9.82481060606,20.9043560606,11.0795454545
