,Adaptacion,Tarea,Fuente,Objetivo,Baseline error,Transfer error,Transfer loss
1,SDA,r->t,rio2016,thevoice,7.36268939394,21.6382575758,14.2755681818
2,SDA,r->g,rio2016,general,26.9981271861,43.4242657927,16.4261386066
3,SDA,t->r,thevoice,rio2016,10.2087114338,16.4246823956,6.21597096189
4,SDA,t->g,thevoice,general,26.9981271861,41.9131620259,14.9150348398
5,SDA,g->r,general,rio2016,10.2087114338,25.6805807623,15.4718693285
6,SDA,g->t,general,thevoice,7.36268939394,30.3977272727,23.0350378788
