,Adaptacion,Tarea,Fuente,Objetivo,Baseline error,Transfer error,Transfer loss
0,SDA,r->t,rio2016,thevoice,19.0459280303,33.3333333333,14.287405303
1,SDA,r->g,rio2016,general,30.4079796561,42.4263497572,12.0183701011
2,SDA,t->r,thevoice,rio2016,7.37295825771,21.0299455535,13.6569872958
3,SDA,t->g,thevoice,general,30.4079796561,47.8308867407,17.4229070846
4,SDA,g->r,general,rio2016,7.37295825771,23.0263157895,15.6533575318
5,SDA,g->t,general,thevoice,19.0459280303,34.1145833333,15.068655303
